{
    "train": {
        "accuracy": 19.16724171956794,
        "loss": 0.854589536907075
    },
    "val": {
        "accuracy": 19.839142821212885,
        "loss": 0.9249750424718207
    },
    "step": 19
}
