{
    "train": {
        "accuracy": 34.63737034982565,
        "loss": 0.9944631119419005
    },
    "val": {
        "accuracy": 34.030964727157034,
        "loss": 0.20378584696336144
    },
    "step": 34
}
