step	accuracy
0	0.6683694528619506
1	1.4593405521231833
2	2.4717023093643737
3	3.8635936333889456
4	4.678987246176807
5	5.681447718137004
6	6.884402318082589
7	7.471257568144631
8	8.314372397159337
9	9.553536050133214
10	10.198721826536069
11	11.686299428886434
12	12.234064398440935
13	13.123365163758448
14	14.747408807338939
15	15.100546140146562
16	16.854686402962514
17	17.305261543078
18	18.738366656604992
19	19.16724171956794
