step	loss
0	19.182769220580212
1	18.62065296396085
2	17.671632384577357
3	16.667918172898954
4	15.530963318850269
5	14.272864049306504
6	13.074915957780469
7	12.509228909752697
8	11.02795483475734
9	10.909947506221034
10	9.281461046468896
11	8.947991437950833
12	7.0599406893172505
13	6.298854076042608
14	5.967983530333642
15	4.840539431102335
16	3.0281023576301935
17	2.3146513664716006
18	1.475133598445137
19	0.854589536907075
